"Status","Start Time","Stop Time","Duration in ms","Parent Suite","Suite","Sub Suite","Test Class","Test Method","Name","Description"
"passed","Sat Oct 03 06:06:47 GMT+05:00 2026","Sat Oct 03 06:06:54 GMT+05:00 2026","7226","","tests.LoginTest","","tests.LoginTest","testLoginFromRecoveryForm","testLoginFromRecoveryForm","Вход через кнопку в форме восстановления пароля"
"passed","Sat Oct 03 06:07:12 GMT+05:00 2026","Sat Oct 03 06:07:15 GMT+05:00 2026","2827","","tests.ConstructorTest","","tests.ConstructorTest","testFillingsTab","testFillingsTab","Переход к разделу «Начинки»"
"passed","Sat Oct 03 06:06:58 GMT+05:00 2026","Sat Oct 03 06:07:02 GMT+05:00 2026","3629","","tests.LoginTest","","tests.LoginTest","testLoginFromMain","testLoginFromMain","Вход через кнопку «Войти в аккаунт» на главной"
"passed","Sat Oct 03 06:07:09 GMT+05:00 2026","Sat Oct 03 06:07:12 GMT+05:00 2026","3004","","tests.ConstructorTest","","tests.ConstructorTest","testSaucesTab","testSaucesTab","Переход к разделу «Соусы»"
"passed","Sat Oct 03 06:07:06 GMT+05:00 2026","Sat Oct 03 06:07:09 GMT+05:00 2026","3009","","tests.ConstructorTest","","tests.ConstructorTest","testBunsTab","testBunsTab","Переход к разделу «Булки»"
"passed","Sat Oct 03 06:07:02 GMT+05:00 2026","Sat Oct 03 06:07:06 GMT+05:00 2026","3911","","tests.LoginTest","","tests.LoginTest","testLoginFromAccount","testLoginFromAccount","Вход через кнопку «Личный кабинет»"
"passed","Sat Oct 03 06:07:19 GMT+05:00 2026","Sat Oct 03 06:07:22 GMT+05:00 2026","3402","","tests.RegisterTest","","tests.RegisterTest","testShortPasswordError","testShortPasswordError","Ошибка при пароле короче 6 символов"
"passed","Sat Oct 03 06:07:15 GMT+05:00 2026","Sat Oct 03 06:07:19 GMT+05:00 2026","3965","","tests.RegisterTest","","tests.RegisterTest","testSuccessfulRegistration","testSuccessfulRegistration","Успешная регистрация нового пользователя"
"passed","Sat Oct 03 06:06:54 GMT+05:00 2026","Sat Oct 03 06:06:58 GMT+05:00 2026","4031","","tests.LoginTest","","tests.LoginTest","testLoginFromRegisterForm","testLoginFromRegisterForm","Вход через кнопку в форме регистрации"
